{
  "binary": "/home/z/my-project/cosmostrix/target/release/cosmostrix",
  "bench_duration_s": 2,
  "sizes": [
    [
      6,
      6
    ],
    [
      20,
      20
    ],
    [
      40,
      20
    ],
    [
      80,
      24
    ],
    [
      120,
      40
    ],
    [
      200,
      60
    ],
    [
      320,
      100
    ],
    [
      400,
      200
    ]
  ],
  "results": [
    {
      "size": "6x6",
      "cols": 6,
      "lines": 6,
      "cell_count": 36,
      "avg_fps": 1176188.8855610308,
      "peak_fps": 3257328.990228013,
      "avg_frame_time_ms": 0.0005515866999999982,
      "p99_frame_time_ms": 0.00088,
      "total_ns_per_cell": 276.4778352010451,
      "render_ns_per_cell": 115.93483942159702,
      "io_ns_per_cell": 160.5429957794481,
      "io_share_percent": 58.06722107134078,
      "alloc_calls_per_frame": 3.0000097773318934,
      "dealloc_calls_per_frame": 3.0000059514194137,
      "peak_rss_mib": 3.7,
      "avg_rss_mib": 3.7,
      "logical_cells_per_frame": 36,
      "dirty_cells_per_frame": 1.928518351626863,
      "dirty_ratio_percent": 5.35699542118573,
      "avg_cpu_percent": 89.99910861898006,
      "total_frames": 2352380,
      "elapsed_s": 2.000001895,
      "wall_time_s": 4.002
    },
    {
      "size": "20x20",
      "cols": 20,
      "lines": 20,
      "cell_count": 400,
      "avg_fps": 400302.195592738,
      "peak_fps": 1828153.5648994518,
      "avg_frame_time_ms": 0.0022066868000000005,
      "p99_frame_time_ms": 0.003598,
      "total_ns_per_cell": 95.72692534170542,
      "render_ns_per_cell": 31.389121012088193,
      "io_ns_per_cell": 64.33780432961723,
      "io_share_percent": 67.209726103662,
      "alloc_calls_per_frame": 3.0000287282383593,
      "dealloc_calls_per_frame": 3.000017486753784,
      "peak_rss_mib": 3.7,
      "avg_rss_mib": 3.7,
      "logical_cells_per_frame": 400,
      "dirty_cells_per_frame": 22.80286433026982,
      "dirty_ratio_percent": 5.700716082567455,
      "avg_cpu_percent": 89.99814255826682,
      "total_frames": 800606,
      "elapsed_s": 2.000004019,
      "wall_time_s": 4.003
    },
    {
      "size": "40x20",
      "cols": 40,
      "lines": 20,
      "cell_count": 800,
      "avg_fps": 248033.40831630447,
      "peak_fps": 730994.1520467836,
      "avg_frame_time_ms": 0.0037941222000000023,
      "p99_frame_time_ms": 0.005934,
      "total_ns_per_cell": 90.27557010948055,
      "render_ns_per_cell": 28.074859551676973,
      "io_ns_per_cell": 62.20071055780358,
      "io_share_percent": 68.90093353314796,
      "alloc_calls_per_frame": 3.000046364611303,
      "dealloc_calls_per_frame": 3.000028221937315,
      "peak_rss_mib": 3.6,
      "avg_rss_mib": 3.6,
      "logical_cells_per_frame": 800,
      "dirty_cells_per_frame": 41.09905496827048,
      "dirty_ratio_percent": 5.13738187103381,
      "avg_cpu_percent": 89.99713128915131,
      "total_frames": 496068,
      "elapsed_s": 2.000004771,
      "wall_time_s": 4.002
    },
    {
      "size": "80x24",
      "cols": 80,
      "lines": 24,
      "cell_count": 1920,
      "avg_fps": 72887.6476611112,
      "peak_fps": 125470.51442910917,
      "avg_frame_time_ms": 0.01358545250000003,
      "p99_frame_time_ms": 0.018844,
      "total_ns_per_cell": 81.87379011906897,
      "render_ns_per_cell": 25.259957072990105,
      "io_ns_per_cell": 56.61383304607888,
      "io_share_percent": 69.14768812307996,
      "alloc_calls_per_frame": 3.0001646361540995,
      "dealloc_calls_per_frame": 3.000096037756558,
      "peak_rss_mib": 3.6,
      "avg_rss_mib": 3.6,
      "logical_cells_per_frame": 1920,
      "dirty_cells_per_frame": 163.53539677313137,
      "dirty_ratio_percent": 8.517468581933924,
      "avg_cpu_percent": 89.99809950599295,
      "total_frames": 145776,
      "elapsed_s": 2.000009668,
      "wall_time_s": 4.003
    },
    {
      "size": "120x40",
      "cols": 120,
      "lines": 40,
      "cell_count": 4800,
      "avg_fps": 40258.5954816326,
      "peak_fps": 58370.30119075414,
      "avg_frame_time_ms": 0.02462022210000007,
      "p99_frame_time_ms": 0.033543,
      "total_ns_per_cell": 79.2239357788012,
      "render_ns_per_cell": 26.46948555768361,
      "io_ns_per_cell": 52.75445022111761,
      "io_share_percent": 66.58902982100224,
      "alloc_calls_per_frame": 3.0003104895799697,
      "dealloc_calls_per_frame": 3.000173874164783,
      "peak_rss_mib": 4.3,
      "avg_rss_mib": 4.3,
      "logical_cells_per_frame": 4800,
      "dirty_cells_per_frame": 309.2685362279242,
      "dirty_ratio_percent": 6.44309450474842,
      "avg_cpu_percent": 89.99111577006921,
      "total_frames": 80518,
      "elapsed_s": 2.000020096,
      "wall_time_s": 4.003
    },
    {
      "size": "200x60",
      "cols": 200,
      "lines": 60,
      "cell_count": 12000,
      "avg_fps": 21393.1762570637,
      "peak_fps": 28325.402220711534,
      "avg_frame_time_ms": 0.04653174160000006,
      "p99_frame_time_ms": 0.063833,
      "total_ns_per_cell": 78.52992067836358,
      "render_ns_per_cell": 27.00265357649645,
      "io_ns_per_cell": 51.52726710186713,
      "io_share_percent": 65.61482127673132,
      "alloc_calls_per_frame": 3.0005842896206794,
      "dealloc_calls_per_frame": 3.0003272021875804,
      "peak_rss_mib": 4.7,
      "avg_rss_mib": 4.7,
      "logical_cells_per_frame": 12000,
      "dirty_cells_per_frame": 590.7155210694838,
      "dirty_ratio_percent": 4.922629342245698,
      "avg_cpu_percent": 89.98262113284008,
      "total_frames": 42787,
      "elapsed_s": 2.000030266,
      "wall_time_s": 4.003
    },
    {
      "size": "320x100",
      "cols": 320,
      "lines": 100,
      "cell_count": 32000,
      "avg_fps": 11916.97179848624,
      "peak_fps": 14925.81868115466,
      "avg_frame_time_ms": 0.08330363629999986,
      "p99_frame_time_ms": 0.123829,
      "total_ns_per_cell": 79.02735651464627,
      "render_ns_per_cell": 27.35512383411895,
      "io_ns_per_cell": 51.672232680527316,
      "io_share_percent": 65.3852475388707,
      "alloc_calls_per_frame": 3.0010489217084837,
      "dealloc_calls_per_frame": 3.000587396156751,
      "peak_rss_mib": 5.6,
      "avg_rss_mib": 5.5,
      "logical_cells_per_frame": 32000,
      "dirty_cells_per_frame": 1056.937064697491,
      "dirty_ratio_percent": 3.302928327179659,
      "avg_cpu_percent": 89.98529813498585,
      "total_frames": 23834,
      "elapsed_s": 2.000004733,
      "wall_time_s": 4.003
    },
    {
      "size": "400x200",
      "cols": 400,
      "lines": 200,
      "cell_count": 80000,
      "avg_fps": 7921.461113547393,
      "peak_fps": 10848.928668294006,
      "avg_frame_time_ms": 0.12639096799999971,
      "p99_frame_time_ms": 0.258548,
      "total_ns_per_cell": 85.79247104163964,
      "render_ns_per_cell": 28.014048988686195,
      "io_ns_per_cell": 57.77842205295345,
      "io_share_percent": 67.34672792547322,
      "alloc_calls_per_frame": 3.001577983967683,
      "dealloc_calls_per_frame": 3.0008836710219025,
      "peak_rss_mib": 8.0,
      "avg_rss_mib": 7.9,
      "logical_cells_per_frame": 80000,
      "dirty_cells_per_frame": 1465.6246922931264,
      "dirty_ratio_percent": 1.832030865366408,
      "avg_cpu_percent": 89.96379334405042,
      "total_frames": 15843,
      "elapsed_s": 2.000009818,
      "wall_time_s": 4.005
    }
  ]
}